seqid,source,type,start,end,strand,phase,attributes,Parent,Name,constitutive,ensembl_end_phase,ensembl_phase,exon_id,rank,version,exon_number_calculated
16,ensembl_havana,exon,53704156,53704229,+,.,Parent=transcript:ENST00000471389;Name=ENSE00003793523;constitutive=0;ensembl_end_phase=0;ensembl_phase=-1;exon_id=ENSE00003793523;rank=1;version=1,transcript:ENST00000471389,ENSE00003793523,0,0,-1,ENSE00003793523,1,1,1
16,ensembl_havana,exon,53810140,53810217,+,.,Parent=transcript:ENST00000471389;Name=ENSE00003499057;constitutive=0;ensembl_end_phase=0;ensembl_phase=0;exon_id=ENSE00003499057;rank=2;version=1,transcript:ENST00000471389,ENSE00003499057,0,0,0,ENSE00003499057,2,1,2
16,ensembl_havana,exon,53825864,53826491,+,.,Parent=transcript:ENST00000471389;Name=ENSE00001319762;constitutive=0;ensembl_end_phase=1;ensembl_phase=0;exon_id=ENSE00001319762;rank=3;version=1,transcript:ENST00000471389,ENSE00001319762,0,1,0,ENSE00001319762,3,1,3
16,ensembl_havana,exon,53844155,53844298,+,.,Parent=transcript:ENST00000471389;Name=ENSE00003480244;constitutive=0;ensembl_end_phase=1;ensembl_phase=1;exon_id=ENSE00003480244;rank=4;version=1,transcript:ENST00000471389,ENSE00003480244,0,1,1,ENSE00003480244,4,1,4
16,ensembl_havana,exon,53873786,53873865,+,.,Parent=transcript:ENST00000471389;Name=ENSE00003523757;constitutive=0;ensembl_end_phase=0;ensembl_phase=1;exon_id=ENSE00003523757;rank=5;version=1,transcript:ENST00000471389,ENSE00003523757,0,0,1,ENSE00003523757,5,1,5
16,ensembl_havana,exon,53879844,53879987,+,.,Parent=transcript:ENST00000471389;Name=ENSE00003575733;constitutive=0;ensembl_end_phase=0;ensembl_phase=0;exon_id=ENSE00003575733;rank=6;version=1,transcript:ENST00000471389,ENSE00003575733,0,0,0,ENSE00003575733,6,1,6
16,ensembl_havana,exon,53888832,53888951,+,.,Parent=transcript:ENST00000471389;Name=ENSE00003604517;constitutive=0;ensembl_end_phase=0;ensembl_phase=0;exon_id=ENSE00003604517;rank=7;version=1,transcript:ENST00000471389,ENSE00003604517,0,0,0,ENSE00003604517,7,1,7
16,ensembl_havana,exon,53933985,53934109,+,.,Parent=transcript:ENST00000471389;Name=ENSE00003492841;constitutive=0;ensembl_end_phase=2;ensembl_phase=0;exon_id=ENSE00003492841;rank=8;version=1,transcript:ENST00000471389,ENSE00003492841,0,2,0,ENSE00003492841,8,1,8
16,ensembl_havana,exon,54111762,54121941,+,.,Parent=transcript:ENST00000471389;Name=ENSE00001946879;constitutive=0;ensembl_end_phase=-1;ensembl_phase=2;exon_id=ENSE00001946879;rank=9;version=1,transcript:ENST00000471389,ENSE00001946879,0,-1,2,ENSE00001946879,9,1,9
