element_id,source,element_type,assembly,start_1based,end_1based,strand,overlap_with_297bp,evidence_level,interpretation
INTER_TSS_MANЕ,Ensembl 116,inter-TSS interval,GRCh38,53703859,53704156,.,complete,coordinate definition,Span from RPGRIP1L MANE TSS (minus strand) to FTO MANE TSS (plus strand). Coordinate difference is 297 bp; inclusive span is 298 bp.
ENSR16_9RBJC,Ensembl Regulatory Build 116,promoter,GRCh38,53703831,53704167,.,complete,integrated regulatory annotation,Promoter assigned jointly to RPGRIP1L and FTO; covers the entire inter-TSS interval.
GH16J053703,GeneHancer via UCSC,Promoter/Enhancer; Elite,GRCh38,53703192,53705162,.,complete,"integrated ENCODE(Z-Lab), EPDnew and Ensembl",Large elite promoter/enhancer element encompassing the entire divergent promoter region.
EH38E3181169,ENCODE SCREEN cCRE via Fanta,PLS (promoter-like signature),GRCh38,,,.,overlaps promoter cluster,ENCODE cCRE annotation,Promoter-like cCRE overlapping the FTO/RPGRIP1L promoter cluster; exact coordinates should be retrieved from SCREEN before guide finalization.
FCHS_156247,Fanta integrated CRE,bidirectional promoter cluster,mixed/integrated,,,both,complete promoter cluster,FANTOM5 CAGE + cCRE integration,Integrated promoter cluster assigned to cp2@FTO and cp1@RPGRIP1L.
hg_157410.1,FANTOM5 CAGE via Fanta,CAGE peak p1@RPGRIP1L,hg19,53737742,53737790,-,marks RPGRIP1L side,direct capped 5' RNA evidence,Major RPGRIP1L initiation peak; coordinates are hg19 and must not be mixed directly with GRCh38 guide coordinates.
hg_157411.1,FANTOM5 CAGE via Fanta,CAGE peak p2@RPGRIP1L,hg19,53737795,53737806,-,marks RPGRIP1L side,direct capped 5' RNA evidence,Secondary RPGRIP1L initiation peak; hg19 coordinates.
hg_154102.1,FANTOM5 CAGE via Fanta,CAGE peak p1@FTO,hg19,53738053,53738094,+,marks FTO side,direct capped 5' RNA evidence,FTO initiation peak; hg19 coordinates.
FTO_CORE_PROMOTER_-201_+34,Liu et al. functional promoter study,experimentally active core promoter,GRCh38 inferred relative to MANE TSS,53703955,53704190,+,202 bp overlap,5' deletion luciferase assays,Functionally active FTO promoter region; extends 34 bp downstream of the FTO TSS.
CEBPA_site,Published FTO promoter mutagenesis/ChIP,C/EBPα binding site,GRCh38 inferred relative to MANE TSS,53704102,53704111,+,complete,motif mutagenesis and ChIP,Positive regulator; reported sequence TGGGAAAT. Coordinate placement is inferred from −54/−45 relative notation.
FOXA2_site,Published FTO promoter mutagenesis/EMSA/ChIP,FOXA2 binding site,GRCh38 inferred relative to MANE TSS,53704130,53704142,+,complete,"mutagenesis, EMSA and ChIP",Negative regulator; reported sequence AGCCTGTTTGCTC. Coordinate placement inferred from −26/−14.
SP1_site_proximal,Published FTO promoter mutagenesis,SP1 binding site,GRCh38 inferred relative to MANE TSS,53704148,53704155,+,complete,reporter mutagenesis,Basal/positive promoter contribution; reported sequence GTAGCGGA. Coordinate placement inferred from −8/−1.
HS_00216728,SilencerDB via Fanta,silencer annotation,not provided on summary page,,,.,overlaps FCHS_156247 cluster,database annotation; mammary gland,Cell-context-specific silencer annotation; not evidence for granulosa.
HS_00216729,SilencerDB via Fanta,silencer annotation,not provided on summary page,,,.,overlaps FCHS_156247 cluster,database annotation; pancreas,Cell-context-specific silencer annotation; not evidence for granulosa.
HS_00216730,SilencerDB via Fanta,silencer annotation,not provided on summary page,,,.,overlaps FCHS_156247 cluster,database annotation; mesendoderm,Cell-context-specific silencer annotation; not evidence for granulosa.
